{
    "root_group": {
        "name": "",
        "path": "",
        "id": "d41d8cd98f00b204e9800998ecf8427e",
        "groups": {
            "setup": {
                "name": "setup",
                "path": "::setup",
                "id": "5c0f8025f7e0b6654089e5b00e950f1a",
                "groups": {},
                "checks": {
                        "token status is 200": {
                            "id": "f7d98c198616f0cc9b45855eec55c652",
                            "passes": 1,
                            "fails": 0,
                            "name": "token status is 200",
                            "path": "::setup::token status is 200"
                        }
                    }
            }
        },
        "checks": {
            "status is 200": {
                "name": "status is 200",
                "path": "::status is 200",
                "id": "6210a8cd14cd70477eba5c5e4cb3fb5f",
                "passes": 323985,
                "fails": 0
            },
            "vector is non-empty": {
                "name": "vector is non-empty",
                "path": "::vector is non-empty",
                "id": "3d1606e09824f9d15e5b36228eb16aa3",
                "passes": 323985,
                "fails": 0
            }
        }
    },
    "metrics": {
        "data_sent": {
            "count": 65720906,
            "rate": 99407.21355290432
        },
        "iteration_duration": {
            "min": 1056.610541,
            "med": 1091.182375,
            "max": 19575.631,
            "p(90)": 1174.0882412,
            "p(95)": 1315.0550419999997,
            "avg": 1169.640268945631
        },
        "iterations": {
            "count": 323985,
            "rate": 490.0487233535354
        },
        "http_req_waiting": {
            "avg": 167.17592558011646,
            "min": 23.969,
            "med": 89.478,
            "max": 18573.789,
            "p(90)": 168.60850000000008,
            "p(95)": 308.3317499999998
        },
        "http_req_duration": {
            "max": 18574.128,
            "p(90)": 170.765,
            "p(95)": 311.9712499999999,
            "avg": 168.01037461186698,
            "min": 55.782,
            "med": 89.988,
            "thresholds": {
                "p(95)<1500": false
            }
        },
        "data_received": {
            "count": 2135004779,
            "rate": 3229335.8220369676
        },
        "vus_max": {
            "value": 600,
            "min": 600,
            "max": 600
        },
        "checks": {
            "passes": 647971,
            "fails": 0,
            "value": 1
        },
        "vus": {
            "min": 2,
            "max": 600,
            "value": 2
        },
        "http_req_failed": {
            "passes": 0,
            "fails": 323986,
            "thresholds": {
                "rate<0.01": false
            },
            "value": 0
        },
        "http_reqs": {
            "rate": 490.05023591962134,
            "count": 323986
        },
        "http_req_duration{expected_response:true}": {
            "med": 89.988,
            "max": 18574.128,
            "p(90)": 170.765,
            "p(95)": 311.9712499999999,
            "avg": 168.01037461186698,
            "min": 55.782
        },
        "http_req_blocked": {
            "avg": 0.11533566882423135,
            "min": 0,
            "med": 0,
            "max": 232.094,
            "p(90)": 0.001,
            "p(95)": 0.001
        },
        "http_req_connecting": {
            "avg": 0.03333799917280376,
            "min": 0,
            "med": 0,
            "max": 170.908,
            "p(90)": 0,
            "p(95)": 0
        },
        "http_req_tls_handshaking": {
            "avg": 0.0488362923089269,
            "min": 0,
            "med": 0,
            "max": 116.141,
            "p(90)": 0,
            "p(95)": 0
        },
        "http_req_sending": {
            "avg": 0.08128291654581822,
            "min": 0.01,
            "med": 0.04,
            "max": 191.279,
            "p(90)": 0.11,
            "p(95)": 0.145
        },
        "vector_pass": {
            "rate": 490.0487233535354,
            "count": 323985
        },
        "http_req_receiving": {
            "p(95)": 2.944,
            "avg": 0.7531661152025226,
            "min": 0.013,
            "med": 0.101,
            "max": 500.605,
            "p(90)": 1.541
        }
    },
    "setup_data": {
        "token": "NPFQ0pGp6Jn9vnT2EabDpg"
    }
}