{
    "root_group": {
        "checks": {
            "status is 200": {
                "name": "status is 200",
                "path": "::status is 200",
                "id": "6210a8cd14cd70477eba5c5e4cb3fb5f",
                "passes": 59673,
                "fails": 0
            },
            "vector is non-empty": {
                "id": "3d1606e09824f9d15e5b36228eb16aa3",
                "passes": 59673,
                "fails": 0,
                "name": "vector is non-empty",
                "path": "::vector is non-empty"
            }
        },
        "name": "",
        "path": "",
        "id": "d41d8cd98f00b204e9800998ecf8427e",
        "groups": {
            "setup": {
                "name": "setup",
                "path": "::setup",
                "id": "5c0f8025f7e0b6654089e5b00e950f1a",
                "groups": {},
                "checks": {
                        "token status is 200": {
                            "fails": 0,
                            "name": "token status is 200",
                            "path": "::setup::token status is 200",
                            "id": "f7d98c198616f0cc9b45855eec55c652",
                            "passes": 1
                        }
                    }
            }
        }
    },
    "metrics": {
        "vus_max": {
            "value": 300,
            "min": 300,
            "max": 300
        },
        "http_req_duration{expected_response:true}": {
            "avg": 113.17474932131145,
            "min": 52.759,
            "med": 63.963,
            "max": 16080.572,
            "p(90)": 83.7861,
            "p(95)": 93.06335
        },
        "data_sent": {
            "rate": 46034.18325568256,
            "count": 12464883
        },
        "iterations": {
            "count": 59673,
            "rate": 220.3789491980266
        },
        "vector_pass": {
            "count": 59673,
            "rate": 220.3789491980266
        },
        "http_req_waiting": {
            "med": 63.44,
            "max": 16080.356,
            "p(90)": 82.41120000000001,
            "p(95)": 92.01535,
            "avg": 112.52410989710701,
            "min": 52.38
        },
        "data_received": {
            "rate": 1458616.9397095484,
            "count": 394956274
        },
        "http_req_failed": {
            "passes": 0,
            "fails": 59674,
            "thresholds": {
                "rate<0.01": false
            },
            "value": 0
        },
        "http_req_connecting": {
            "med": 0,
            "max": 29.127,
            "p(90)": 0,
            "p(95)": 0,
            "avg": 0.08919889734222612,
            "min": 0
        },
        "http_req_duration": {
            "avg": 113.17474932131145,
            "min": 52.759,
            "med": 63.963,
            "max": 16080.572,
            "p(90)": 83.7861,
            "p(95)": 93.06335,
            "thresholds": {
                "p(95)<1500": false
            }
        },
        "vus": {
            "value": 7,
            "min": 7,
            "max": 300
        },
        "http_req_blocked": {
            "med": 0,
            "max": 88.655,
            "p(90)": 0.001,
            "p(95)": 0.001,
            "avg": 0.32121329222116046,
            "min": 0
        },
        "http_req_receiving": {
            "avg": 0.5478389750980343,
            "min": 0.018,
            "med": 0.118,
            "max": 239.509,
            "p(90)": 1.2037000000000013,
            "p(95)": 2.3863499999999975
        },
        "iteration_duration": {
            "p(90)": 1086.1800752000001,
            "p(95)": 1095.462658,
            "avg": 1114.9933812515399,
            "min": 1053.985167,
            "med": 1065.510042,
            "max": 17144.258208
        },
        "http_reqs": {
            "count": 59674,
            "rate": 220.38264230796239
        },
        "http_req_tls_handshaking": {
            "min": 0,
            "med": 0,
            "max": 44.761,
            "p(90)": 0,
            "p(95)": 0,
            "avg": 0.1410746388712001
        },
        "http_req_sending": {
            "med": 0.075,
            "max": 14.682,
            "p(90)": 0.166,
            "p(95)": 0.217,
            "avg": 0.10280044910681321,
            "min": 0.013
        },
        "checks": {
            "passes": 119347,
            "fails": 0,
            "value": 1
        }
    },
    "setup_data": {
        "token": "M46DaD_PFUSTVeHBjL00dw"
    }
}